{"cameraMode":{"drawMode":0,"name":"Shaded","section":"Shading Mode"},"sceneLighting":false,"audioPlay":false,"sceneViewState":{"showFog":true,"showMaterialUpdate":false,"showSkybox":false,"showFlares":true,"showImageEffects":true,"showParticleSystems":true},"in2DMode":false,"pivot":{"x":-0.04304450750350952,"y":0.257082462310791,"z":-0.06474432349205017},"rotation":{"x":0.15853062272071839,"y":0.35817959904670718,"z":-0.06185102090239525,"w":0.9180221557617188},"size":0.6144982576370239,"orthographic":true}