{"cameraMode":{"drawMode":0,"name":"Shaded","section":"Shading Mode"},"sceneLighting":false,"audioPlay":false,"sceneViewState":{"showFog":true,"showMaterialUpdate":false,"showSkybox":false,"showFlares":true,"showImageEffects":true,"showParticleSystems":true},"in2DMode":false,"pivot":{"x":-1.766608476638794,"y":-0.3860433101654053,"z":1.1408430337905884},"rotation":{"x":0.07900447398424149,"y":-0.4639071822166443,"z":0.04158250242471695,"w":0.881376326084137},"size":1.7660253047943116,"orthographic":false}