{"cameraMode":{"drawMode":0,"name":"Shaded","section":"Shading Mode"},"sceneLighting":false,"audioPlay":false,"sceneViewState":{"showFog":true,"showMaterialUpdate":false,"showSkybox":false,"showFlares":true,"showImageEffects":true,"showParticleSystems":true},"in2DMode":false,"pivot":{"x":1.4680671691894532,"y":4.288309574127197,"z":-2.0306477546691896},"rotation":{"x":0.2441924810409546,"y":-0.3062542974948883,"z":0.08160119503736496,"w":0.9164725542068481},"size":1.7320507764816285,"orthographic":false}